method,temperature,benchmark,requests,tokens_per_second,accepted_per_round_pooled,acceptance_length_with_bonus_pooled,acceptance_length_with_bonus_request_mean,draft_acceptance_rate,ttft_ms_mean,tpot_ms_request_mean,length_limited_requests,measurement_valid,greedy_parity,comparison_valid,reference_method,speedup_tps,speedup_total_latency,speedup_request_tps_mean
qwen3-4b-dspark,0,gsm8k,128,124.07131264524163,5.309266148123098,6.309266148123098,6.472927491581367,0.7584665925890139,70.57492531384923,7.738747114217388,0,True,,,,,,
qwen3-4b-dspark,0,math500,128,138.64553085632895,5.6045960672826345,6.6045960672826345,6.491157518183193,0.8006565810403764,52.13377132622554,7.379504335745052,5,True,,,,,,
qwen3-4b-dspark,0,humaneval,164,124.10672138391254,4.842643410269904,5.842643410269904,5.7286606529426285,0.6918062014671292,51.419212506294656,8.203386904904747,1,True,,,,,,
qwen3-4b-dspark,0,lcb,128,136.6162436616998,5.439085156211072,6.439085156211072,5.422159270980151,0.7770121651730103,56.63470516265079,8.863231327965158,10,True,,,,,,
qwen3-4b-dspark,0,aime25,30,137.71973253949696,5.464864090192519,6.464864090192519,6.238611545122163,0.7806948700275027,52.68680466882264,7.691686705624786,11,True,,,,,,
qwen3-4b-dspark,0,mtbench,80,79.96493879773469,2.7873918417799755,3.7873918417799755,4.394678257146916,0.3981988345399965,50.66797912295442,12.151487107058374,0,True,,,,,,
qwen3-4b-dspark,0,alpaca,128,80.89974254108,2.7948642483996764,3.7948642483996764,3.810775787762826,0.39926632119995376,49.42971749915159,13.389298798628447,0,True,,,,,,
qwen3-4b-dspark,1,gsm8k,128,111.43440960177162,4.662147913842446,5.662147913842446,5.908302726962073,0.6660211305489209,51.37519413347036,8.610495782162957,0,True,,,,,,
qwen3-4b-dspark,1,math500,128,104.3717459100631,4.145536060697504,5.145536060697504,5.577847822191279,0.5922194372425006,50.83135695349483,9.027107934342789,0,True,,,,,,
qwen3-4b-dspark,1,humaneval,164,104.44711100162456,4.154097171863669,5.154097171863669,5.317628721887987,0.5934424531233813,51.14803628189625,9.309704995427914,0,True,,,,,,
qwen3-4b-dspark,1,lcb,128,89.94211171658266,3.445494324307185,4.445494324307186,4.783187348534435,0.4922134749010264,56.072120239150536,10.553455313888023,1,True,,,,,,
qwen3-4b-dspark,1,aime25,30,87.89167055240918,3.318683721438723,4.318683721438723,4.456577574294998,0.4740976744912462,52.91023568327849,11.313165196171838,0,True,,,,,,
qwen3-4b-dspark,1,mtbench,80,69.19233595976814,2.400298533672842,3.400298533672842,4.070888900728492,0.34289979052469177,51.372651870769914,13.651881217206725,0,True,,,,,,
qwen3-4b-dspark,1,alpaca,128,69.16138343256254,2.4448192120885053,3.4448192120885053,3.494033200193925,0.349259887441215,51.07727484391944,15.728769360269412,0,True,,,,,,
